{"metadata":{"asset_id":"b65df332-849a-48d4-87ab-267f7452dd04","asset_attributes":["data_asset"],"name":"data2.csv","asset_type":"data_asset","created_at":"2023-11-01T16:45:49Z","origin_country":"us","owner_id":"IBMid-6920006KNH","project_id":"3b9ad198-8976-48e6-b3ea-9fdb5a3f76aa","size":205875,"usage":{"last_update_time":1698857149991,"last_updated_at":"2023-11-01T16:45:49Z"}},"entity":{"data_asset":{"mime_type":"text/csv","dataset":false},"location_definition":{"physical_location_code_assignment_method":"INFERRED","physical_location_code":"FRA","physical_location_code_assigned_by":"IBMid-6920006KNH","physical_location_code_added_on":"1698857150384","physical_location_code_rds_version":"00002023-1101-4164-8404-865833000000_4","physical_location_code_rds_id":"c57cb90f-2126-3800-9c9f-9eab82021cdf"}},"attachments":[{"id":"deb92d76-dabd-4104-8972-e0531735b18e","version":2,"asset_type":"data_asset","name":"data2.csv","mime":"text/csv","datasource_type":"193a97c1-4475-4a19-b90c-295c4fdc6517","object_key":"data2.csv","creator_id":"IBMid-6920006KNH","create_time":1698857150385,"size":205875,"is_remote":false,"is_managed":false,"is_referenced":true,"is_object_key_read_only":true,"is_user_provided_path_key":true,"transfer_complete":true,"is_partitioned":false,"complete_time_ticks":1698857150385,"user_data":{},"test_doc":0,"handle":{"bucket":"bigdataanalysis-donotdelete-pr-qjwjde4tacfpoa","location":"eu-de","type":"bluemix_cos","key":"data2.csv","upload_id":"done","max_part_num":1},"usage":{"access_count":0,"last_accessor_id":"IBMid-6920006KNH","last_access_time":1698857150385}}]}
