{"metadata":{"asset_id":"b901eb1d-c598-4095-ae8f-055c82cdea9f","asset_attributes":["notebook"],"name":"BigData","asset_type":"notebook","created_at":"2023-11-01T16:43:58Z","description":"","origin_country":"us","owner_id":"IBMid-6920006KNH","project_id":"3b9ad198-8976-48e6-b3ea-9fdb5a3f76aa","size":423089,"tags":["notebook"],"usage":{"last_update_time":1698861374331,"last_updated_at":"2023-11-01T17:56:14Z"}},"entity":{"notebook":{"kernel":{"name":"python3","display_name":"Python 3.10","language":"python"},"originates_from":{"type":"blank"},"runtime":{"environment":"rt222pys1-3b9ad198-8976-48e6-b3ea-9fdb5a3f76aa"}},"location_definition":{"physical_location_code":"FRA","physical_location_code_assigned_by":"IBMid-6920006KNH","physical_location_code_rds_id":"c57cb90f-2126-3800-9c9f-9eab82021cdf","physical_location_code_rds_version":"00002023-1101-4164-8404-865833000000_4","physical_location_code_assignment_method":"INFERRED","physical_location_code_added_on":"1698857046062"}},"attachments":[{"id":"d2e9993b-3824-415a-b310-4a23b9c13068","version":2,"asset_type":"notebook","name":"attachment for notebook b901eb1d-c598-4095-ae8f-055c82cdea9f","description":"attachment for notebook b901eb1d-c598-4095-ae8f-055c82cdea9f","mime":"application/json","datasource_type":"193a97c1-4475-4a19-b90c-295c4fdc6517","object_key":"notebook/BigData_04nQmeKMu.ipynb","creator_id":"IBMid-6920006KNH","create_time":1698857046063,"size":423089,"is_remote":false,"is_managed":false,"is_referenced":true,"is_object_key_read_only":false,"is_user_provided_path_key":true,"transfer_complete":true,"is_partitioned":false,"complete_time_ticks":1698857046063,"user_data":{},"test_doc":0,"handle":{"bucket":"bigdataanalysis-donotdelete-pr-qjwjde4tacfpoa","location":"eu-de","type":"bluemix_cos","key":"notebook/BigData_04nQmeKMu.ipynb","upload_id":"done","max_part_num":1},"usage":{"access_count":8,"last_accessor_id":"IBMid-6920006KNH","last_access_time":1698858074129,"last_updater_id":"IBMid-6920006KNH","last_update_time":1698858074129}}]}
